{"cameraMode":{"drawMode":0,"name":"Shaded","section":"Shading Mode"},"sceneLighting":true,"audioPlay":false,"sceneViewState":{"m_AlwaysRefresh":false,"showFog":true,"showSkybox":true,"showFlares":true,"showImageEffects":true,"showParticleSystems":true,"showVisualEffectGraphs":true,"m_FxEnabled":true},"in2DMode":false,"pivot":{"x":2.660240888595581,"y":-0.5757522583007813,"z":1.2442729473114014},"rotation":{"x":0.5069617629051209,"y":-0.47516700625419619,"z":0.40519505739212038,"w":0.5942618250846863},"size":9.214520454406739,"orthographic":false}