{"cameraMode":{"drawMode":0,"name":"Shaded","section":"Shading Mode"},"sceneLighting":true,"audioPlay":false,"sceneViewState":{"m_AlwaysRefresh":false,"showFog":true,"showSkybox":true,"showFlares":true,"showImageEffects":true,"showParticleSystems":true,"showVisualEffectGraphs":true,"m_FxEnabled":true},"in2DMode":false,"pivot":{"x":-0.23633258044719697,"y":2.3977744579315187,"z":-3.1528525352478029},"rotation":{"x":0.33563899993896487,"y":0.06826905161142349,"z":-0.02450483851134777,"w":0.9392619729042053},"size":9.343714714050293,"orthographic":false}